Product Name,Over_All_Rating,Price,Date,Rating,Name,Comment
Buy Royal Rajgharana Saree Floral Woven Design Zari Banarasi Sarees  - Sarees for Women 25518762 | Myntra,3.7,₹917,11 Mar 2026,3,Rajashree,"The colour of the saree is different from the one that is shown in the picture. 
The quality is also not that great.
But you can go for it if colour is not the issue for u."
Buy Royal Rajgharana Saree Floral Woven Design Zari Banarasi Sarees  - Sarees for Women 25518762 | Myntra,3.7,₹917,6 Nov 2024,4,Neha Sarankar,Fabric of this saree is good ....not slippery and easy to make plats and colour 💜💜love it ...thankyou myntra !
Buy Royal Rajgharana Saree Floral Woven Design Zari Banarasi Sarees  - Sarees for Women 25518762 | Myntra,3.7,₹917,19 Sept 2025,5,Sneha,I bought this saree for my mom she really liked this saree .Good quality and exact color as shown in myntra . . Thanks myntra 
Buy Royal Rajgharana Saree Floral Woven Design Zari Banarasi Sarees  - Sarees for Women 25518762 | Myntra,3.7,₹917,8 Oct 2024,5,Anjana Bhatacharjee,"This is exilent,  I am very happy to get it, thanku"
Buy Royal Rajgharana Saree Floral Woven Design Zari Banarasi Sarees  - Sarees for Women 25518762 | Myntra,3.7,₹917,20 Sept 2025,5,Pooja Saha,Bought this saree for my mother for durga puja and she's happy with this purchase😇
Buy Royal Rajgharana Saree Floral Woven Design Zari Banarasi Sarees  - Sarees for Women 25518762 | Myntra,3.7,₹917,10 Nov 2025,5,Sushmita,The colour and the fabric are simply awesome. Got it for my mom and she loved it.
Buy Royal Rajgharana Saree Floral Woven Design Zari Banarasi Sarees  - Sarees for Women 25518762 | Myntra,3.7,₹917,25 Oct 2024,3,Vani,"Really very nice and beautiful saree 
"
Buy Royal Rajgharana Saree Floral Woven Design Zari Banarasi Sarees  - Sarees for Women 25518762 | Myntra,3.7,₹917,21 Mar 2026,3,Varsha Semwal,Saree quality is good but not looking good from palla side
Buy Royal Rajgharana Saree Floral Woven Design Zari Banarasi Sarees  - Sarees for Women 25518762 | Myntra,3.7,₹917,31 Jan 2025,2,Shrabana Bhatta,Quality is Ok. Not that great. 
Buy Royal Rajgharana Saree Floral Woven Design Zari Banarasi Sarees  - Sarees for Women 25518762 | Myntra,3.7,₹917,14 Feb 2026,3,Ranadip Kumar Mandal,Overall product is good but it is not worth the money.
Buy Royal Rajgharana Saree Floral Woven Design Zari Banarasi Sarees  - Sarees for Women 25518762 | Myntra,3.7,₹917,25 Feb 2025,5,Sunil Raj,Loved it.
Buy Royal Rajgharana Saree Floral Woven Design Zari Banarasi Sarees  - Sarees for Women 25518762 | Myntra,3.7,₹917,6 June 2025,5,Aasha Joney,"I bought this saree for my mom. She loved the color and feel of this.
"
